size_mb,rep,timestamp,user,dvs_version,git_commit,command,file,step,duration_ms,file_size_bytes,num_files,compression,hash_algorithm
1,1,2026-03-11T12:20:24.691561Z,elea,0.1.1,ef66ed9,hash,f.bin,hash,0.577083,1048576,,,blake3
1,1,2026-03-11T12:20:24.69297Z,elea,0.1.1,ef66ed9,add,f.bin,backend_store,0.285084,1048576,,None,blake3
1,1,2026-03-11T12:20:24.693132Z,elea,0.1.1,ef66ed9,add,f.bin,add_file_total,2.177,1048576,,None,blake3
1,1,2026-03-11T12:20:24.693224Z,elea,0.1.1,ef66ed9,add,,add_total,2.28725,,1,None,blake3
1,2,2026-03-11T12:20:24.710905Z,elea,0.1.1,ef66ed9,hash,f.bin,hash,0.5640000000000001,1048576,,,blake3
1,2,2026-03-11T12:20:24.712223Z,elea,0.1.1,ef66ed9,add,f.bin,backend_store,0.278792,1048576,,None,blake3
1,2,2026-03-11T12:20:24.712335Z,elea,0.1.1,ef66ed9,add,f.bin,add_file_total,2.0225,1048576,,None,blake3
1,2,2026-03-11T12:20:24.712374Z,elea,0.1.1,ef66ed9,add,,add_total,2.085958,,1,None,blake3
1,3,2026-03-11T12:20:24.727088Z,elea,0.1.1,ef66ed9,hash,f.bin,hash,0.564334,1048576,,,blake3
1,3,2026-03-11T12:20:24.728417Z,elea,0.1.1,ef66ed9,add,f.bin,backend_store,0.282833,1048576,,None,blake3
1,3,2026-03-11T12:20:24.728534Z,elea,0.1.1,ef66ed9,add,f.bin,add_file_total,2.037208,1048576,,None,blake3
1,3,2026-03-11T12:20:24.728571Z,elea,0.1.1,ef66ed9,add,,add_total,2.096833,,1,None,blake3
1,4,2026-03-11T12:20:24.743621Z,elea,0.1.1,ef66ed9,hash,f.bin,hash,0.562708,1048576,,,blake3
1,4,2026-03-11T12:20:24.744887Z,elea,0.1.1,ef66ed9,add,f.bin,backend_store,0.275084,1048576,,None,blake3
1,4,2026-03-11T12:20:24.744999Z,elea,0.1.1,ef66ed9,add,f.bin,add_file_total,1.968708,1048576,,None,blake3
1,4,2026-03-11T12:20:24.745037Z,elea,0.1.1,ef66ed9,add,,add_total,2.028667,,1,None,blake3
1,5,2026-03-11T12:20:24.760684Z,elea,0.1.1,ef66ed9,hash,f.bin,hash,0.617791,1048576,,,blake3
1,5,2026-03-11T12:20:24.762373Z,elea,0.1.1,ef66ed9,add,f.bin,backend_store,0.317584,1048576,,None,blake3
1,5,2026-03-11T12:20:24.762553Z,elea,0.1.1,ef66ed9,add,f.bin,add_file_total,2.528958,1048576,,None,blake3
1,5,2026-03-11T12:20:24.762625Z,elea,0.1.1,ef66ed9,add,,add_total,2.63225,,1,None,blake3
1,6,2026-03-11T12:20:24.779369Z,elea,0.1.1,ef66ed9,hash,f.bin,hash,0.567334,1048576,,,blake3
1,6,2026-03-11T12:20:24.780794Z,elea,0.1.1,ef66ed9,add,f.bin,backend_store,0.281666,1048576,,None,blake3
1,6,2026-03-11T12:20:24.780912Z,elea,0.1.1,ef66ed9,add,f.bin,add_file_total,2.1467919999999996,1048576,,None,blake3
1,6,2026-03-11T12:20:24.780954Z,elea,0.1.1,ef66ed9,add,,add_total,2.2127090000000003,,1,None,blake3
1,7,2026-03-11T12:20:24.796011Z,elea,0.1.1,ef66ed9,hash,f.bin,hash,0.578708,1048576,,,blake3
1,7,2026-03-11T12:20:24.797261Z,elea,0.1.1,ef66ed9,add,f.bin,backend_store,0.283667,1048576,,None,blake3
1,7,2026-03-11T12:20:24.797375Z,elea,0.1.1,ef66ed9,add,f.bin,add_file_total,1.9742499999999998,1048576,,None,blake3
1,7,2026-03-11T12:20:24.797412Z,elea,0.1.1,ef66ed9,add,,add_total,2.032125,,1,None,blake3
1,8,2026-03-11T12:20:24.812666Z,elea,0.1.1,ef66ed9,hash,f.bin,hash,0.5672090000000001,1048576,,,blake3
1,8,2026-03-11T12:20:24.814055Z,elea,0.1.1,ef66ed9,add,f.bin,backend_store,0.291584,1048576,,None,blake3
1,8,2026-03-11T12:20:24.814175Z,elea,0.1.1,ef66ed9,add,f.bin,add_file_total,2.1037500000000002,1048576,,None,blake3
1,8,2026-03-11T12:20:24.814218Z,elea,0.1.1,ef66ed9,add,,add_total,2.1689589999999996,,1,None,blake3
1,9,2026-03-11T12:20:24.829538Z,elea,0.1.1,ef66ed9,hash,f.bin,hash,0.642416,1048576,,,blake3
1,9,2026-03-11T12:20:24.831282Z,elea,0.1.1,ef66ed9,add,f.bin,backend_store,0.316875,1048576,,None,blake3
1,9,2026-03-11T12:20:24.831419Z,elea,0.1.1,ef66ed9,add,f.bin,add_file_total,2.572083,1048576,,None,blake3
1,9,2026-03-11T12:20:24.831469Z,elea,0.1.1,ef66ed9,add,,add_total,2.6446669999999997,,1,None,blake3
1,10,2026-03-11T12:20:24.848155Z,elea,0.1.1,ef66ed9,hash,f.bin,hash,0.5698749999999999,1048576,,,blake3
1,10,2026-03-11T12:20:24.849811Z,elea,0.1.1,ef66ed9,add,f.bin,backend_store,0.28525,1048576,,None,blake3
1,10,2026-03-11T12:20:24.849932Z,elea,0.1.1,ef66ed9,add,f.bin,add_file_total,2.37725,1048576,,None,blake3
1,10,2026-03-11T12:20:24.849973Z,elea,0.1.1,ef66ed9,add,,add_total,2.44375,,1,None,blake3
1,11,2026-03-11T12:20:24.867964Z,elea,0.1.1,ef66ed9,hash,f.bin,hash,0.6174999999999999,1048576,,,blake3
1,11,2026-03-11T12:20:24.869681Z,elea,0.1.1,ef66ed9,add,f.bin,backend_store,0.25629199999999996,1048576,,None,blake3
1,11,2026-03-11T12:20:24.86981Z,elea,0.1.1,ef66ed9,add,f.bin,add_file_total,2.494875,1048576,,None,blake3
1,11,2026-03-11T12:20:24.869855Z,elea,0.1.1,ef66ed9,add,,add_total,2.558125,,1,None,blake3
1,12,2026-03-11T12:20:24.886092Z,elea,0.1.1,ef66ed9,hash,f.bin,hash,0.562792,1048576,,,blake3
1,12,2026-03-11T12:20:24.887474Z,elea,0.1.1,ef66ed9,add,f.bin,backend_store,0.224667,1048576,,None,blake3
1,12,2026-03-11T12:20:24.887582Z,elea,0.1.1,ef66ed9,add,f.bin,add_file_total,2.083708,1048576,,None,blake3
1,12,2026-03-11T12:20:24.887628Z,elea,0.1.1,ef66ed9,add,,add_total,2.1512919999999998,,1,None,blake3
1,13,2026-03-11T12:20:24.904625Z,elea,0.1.1,ef66ed9,hash,f.bin,hash,0.597083,1048576,,,blake3
1,13,2026-03-11T12:20:24.906413Z,elea,0.1.1,ef66ed9,add,f.bin,backend_store,0.299209,1048576,,None,blake3
1,13,2026-03-11T12:20:24.906548Z,elea,0.1.1,ef66ed9,add,f.bin,add_file_total,2.564167,1048576,,None,blake3
1,13,2026-03-11T12:20:24.90659Z,elea,0.1.1,ef66ed9,add,,add_total,2.6316669999999998,,1,None,blake3
1,14,2026-03-11T12:20:24.923817Z,elea,0.1.1,ef66ed9,hash,f.bin,hash,0.571208,1048576,,,blake3
1,14,2026-03-11T12:20:24.925454Z,elea,0.1.1,ef66ed9,add,f.bin,backend_store,0.315834,1048576,,None,blake3
1,14,2026-03-11T12:20:24.925593Z,elea,0.1.1,ef66ed9,add,f.bin,add_file_total,2.379334,1048576,,None,blake3
1,14,2026-03-11T12:20:24.925635Z,elea,0.1.1,ef66ed9,add,,add_total,2.4408749999999997,,1,None,blake3
1,15,2026-03-11T12:20:24.942006Z,elea,0.1.1,ef66ed9,hash,f.bin,hash,0.601375,1048576,,,blake3
1,15,2026-03-11T12:20:24.943512Z,elea,0.1.1,ef66ed9,add,f.bin,backend_store,0.316208,1048576,,None,blake3
1,15,2026-03-11T12:20:24.943647Z,elea,0.1.1,ef66ed9,add,f.bin,add_file_total,2.275917,1048576,,None,blake3
1,15,2026-03-11T12:20:24.943688Z,elea,0.1.1,ef66ed9,add,,add_total,2.337084,,1,None,blake3
1,16,2026-03-11T12:20:24.959578Z,elea,0.1.1,ef66ed9,hash,f.bin,hash,0.597667,1048576,,,blake3
1,16,2026-03-11T12:20:24.960965Z,elea,0.1.1,ef66ed9,add,f.bin,backend_store,0.28479200000000005,1048576,,None,blake3
1,16,2026-03-11T12:20:24.961089Z,elea,0.1.1,ef66ed9,add,f.bin,add_file_total,2.134875,1048576,,None,blake3
1,16,2026-03-11T12:20:24.961137Z,elea,0.1.1,ef66ed9,add,,add_total,2.205875,,1,None,blake3
1,17,2026-03-11T12:20:24.977024Z,elea,0.1.1,ef66ed9,hash,f.bin,hash,0.578416,1048576,,,blake3
1,17,2026-03-11T12:20:24.978393Z,elea,0.1.1,ef66ed9,add,f.bin,backend_store,0.298209,1048576,,None,blake3
1,17,2026-03-11T12:20:24.978511Z,elea,0.1.1,ef66ed9,add,f.bin,add_file_total,2.098417,1048576,,None,blake3
1,17,2026-03-11T12:20:24.978551Z,elea,0.1.1,ef66ed9,add,,add_total,2.167833,,1,None,blake3
1,18,2026-03-11T12:20:24.996219Z,elea,0.1.1,ef66ed9,hash,f.bin,hash,0.5722910000000001,1048576,,,blake3
1,18,2026-03-11T12:20:25.001633Z,elea,0.1.1,ef66ed9,add,f.bin,backend_store,0.361792,1048576,,None,blake3
1,18,2026-03-11T12:20:25.001993Z,elea,0.1.1,ef66ed9,add,f.bin,add_file_total,6.3633750000000004,1048576,,None,blake3
1,18,2026-03-11T12:20:25.002124Z,elea,0.1.1,ef66ed9,add,,add_total,6.520792,,1,None,blake3
1,19,2026-03-11T12:20:25.026863Z,elea,0.1.1,ef66ed9,hash,f.bin,hash,0.674625,1048576,,,blake3
1,19,2026-03-11T12:20:25.029056Z,elea,0.1.1,ef66ed9,add,f.bin,backend_store,0.39387500000000003,1048576,,None,blake3
1,19,2026-03-11T12:20:25.029352Z,elea,0.1.1,ef66ed9,add,f.bin,add_file_total,3.22675,1048576,,None,blake3
1,19,2026-03-11T12:20:25.029423Z,elea,0.1.1,ef66ed9,add,,add_total,3.350958,,1,None,blake3
1,20,2026-03-11T12:20:25.050098Z,elea,0.1.1,ef66ed9,hash,f.bin,hash,0.6168750000000001,1048576,,,blake3
1,20,2026-03-11T12:20:25.051847Z,elea,0.1.1,ef66ed9,add,f.bin,backend_store,0.290875,1048576,,None,blake3
1,20,2026-03-11T12:20:25.051996Z,elea,0.1.1,ef66ed9,add,f.bin,add_file_total,2.558083,1048576,,None,blake3
1,20,2026-03-11T12:20:25.052038Z,elea,0.1.1,ef66ed9,add,,add_total,2.627875,,1,None,blake3
1,21,2026-03-11T12:20:25.070346Z,elea,0.1.1,ef66ed9,hash,f.bin,hash,0.57975,1048576,,,blake3
1,21,2026-03-11T12:20:25.072091Z,elea,0.1.1,ef66ed9,add,f.bin,backend_store,0.31462500000000004,1048576,,None,blake3
1,21,2026-03-11T12:20:25.072227Z,elea,0.1.1,ef66ed9,add,f.bin,add_file_total,2.493125,1048576,,None,blake3
1,21,2026-03-11T12:20:25.072282Z,elea,0.1.1,ef66ed9,add,,add_total,2.573459,,1,None,blake3
1,22,2026-03-11T12:20:25.088909Z,elea,0.1.1,ef66ed9,hash,f.bin,hash,0.587333,1048576,,,blake3
1,22,2026-03-11T12:20:25.090346Z,elea,0.1.1,ef66ed9,add,f.bin,backend_store,0.294708,1048576,,None,blake3
1,22,2026-03-11T12:20:25.090484Z,elea,0.1.1,ef66ed9,add,f.bin,add_file_total,2.191875,1048576,,None,blake3
1,22,2026-03-11T12:20:25.090521Z,elea,0.1.1,ef66ed9,add,,add_total,2.253375,,1,None,blake3
1,23,2026-03-11T12:20:25.10637Z,elea,0.1.1,ef66ed9,hash,f.bin,hash,0.572333,1048576,,,blake3
1,23,2026-03-11T12:20:25.107713Z,elea,0.1.1,ef66ed9,add,f.bin,backend_store,0.27308299999999996,1048576,,None,blake3
1,23,2026-03-11T12:20:25.107833Z,elea,0.1.1,ef66ed9,add,f.bin,add_file_total,2.063625,1048576,,None,blake3
1,23,2026-03-11T12:20:25.107879Z,elea,0.1.1,ef66ed9,add,,add_total,2.1313750000000002,,1,None,blake3
1,24,2026-03-11T12:20:25.123465Z,elea,0.1.1,ef66ed9,hash,f.bin,hash,0.5984999999999999,1048576,,,blake3
1,24,2026-03-11T12:20:25.124864Z,elea,0.1.1,ef66ed9,add,f.bin,backend_store,0.296917,1048576,,None,blake3
1,24,2026-03-11T12:20:25.125008Z,elea,0.1.1,ef66ed9,add,f.bin,add_file_total,2.169167,1048576,,None,blake3
1,24,2026-03-11T12:20:25.125065Z,elea,0.1.1,ef66ed9,add,,add_total,2.244292,,1,None,blake3
1,25,2026-03-11T12:20:25.14026Z,elea,0.1.1,ef66ed9,hash,f.bin,hash,0.573833,1048576,,,blake3
1,25,2026-03-11T12:20:25.141555Z,elea,0.1.1,ef66ed9,add,f.bin,backend_store,0.267625,1048576,,None,blake3
1,25,2026-03-11T12:20:25.141668Z,elea,0.1.1,ef66ed9,add,f.bin,add_file_total,2.0119589999999996,1048576,,None,blake3
1,25,2026-03-11T12:20:25.14171Z,elea,0.1.1,ef66ed9,add,,add_total,2.073792,,1,None,blake3
2,1,2026-03-11T12:20:25.161472Z,elea,0.1.1,ef66ed9,hash,f.bin,hash,1.102958,2097152,,,blake3
2,1,2026-03-11T12:20:25.162896Z,elea,0.1.1,ef66ed9,add,f.bin,backend_store,0.265083,2097152,,None,blake3
2,1,2026-03-11T12:20:25.163008Z,elea,0.1.1,ef66ed9,add,f.bin,add_file_total,2.667208,2097152,,None,blake3
2,1,2026-03-11T12:20:25.163047Z,elea,0.1.1,ef66ed9,add,,add_total,2.72425,,1,None,blake3
2,2,2026-03-11T12:20:25.180728Z,elea,0.1.1,ef66ed9,hash,f.bin,hash,1.1014169999999999,2097152,,,blake3
2,2,2026-03-11T12:20:25.182033Z,elea,0.1.1,ef66ed9,add,f.bin,backend_store,0.266958,2097152,,None,blake3
2,2,2026-03-11T12:20:25.182147Z,elea,0.1.1,ef66ed9,add,f.bin,add_file_total,2.545958,2097152,,None,blake3
2,2,2026-03-11T12:20:25.182187Z,elea,0.1.1,ef66ed9,add,,add_total,2.6088750000000003,,1,None,blake3
2,3,2026-03-11T12:20:25.200028Z,elea,0.1.1,ef66ed9,hash,f.bin,hash,1.106625,2097152,,,blake3
2,3,2026-03-11T12:20:25.201309Z,elea,0.1.1,ef66ed9,add,f.bin,backend_store,0.286333,2097152,,None,blake3
2,3,2026-03-11T12:20:25.201419Z,elea,0.1.1,ef66ed9,add,f.bin,add_file_total,2.522667,2097152,,None,blake3
2,3,2026-03-11T12:20:25.201463Z,elea,0.1.1,ef66ed9,add,,add_total,2.588292,,1,None,blake3
2,4,2026-03-11T12:20:25.21968Z,elea,0.1.1,ef66ed9,hash,f.bin,hash,1.1103750000000001,2097152,,,blake3
2,4,2026-03-11T12:20:25.221058Z,elea,0.1.1,ef66ed9,add,f.bin,backend_store,0.273791,2097152,,None,blake3
2,4,2026-03-11T12:20:25.221179Z,elea,0.1.1,ef66ed9,add,f.bin,add_file_total,2.6362080000000003,2097152,,None,blake3
2,4,2026-03-11T12:20:25.221221Z,elea,0.1.1,ef66ed9,add,,add_total,2.701083,,1,None,blake3
2,5,2026-03-11T12:20:25.240327Z,elea,0.1.1,ef66ed9,hash,f.bin,hash,1.099958,2097152,,,blake3
2,5,2026-03-11T12:20:25.241731Z,elea,0.1.1,ef66ed9,add,f.bin,backend_store,0.299333,2097152,,None,blake3
2,5,2026-03-11T12:20:25.241873Z,elea,0.1.1,ef66ed9,add,f.bin,add_file_total,2.6741669999999997,2097152,,None,blake3
2,5,2026-03-11T12:20:25.24191Z,elea,0.1.1,ef66ed9,add,,add_total,2.731125,,1,None,blake3
2,6,2026-03-11T12:20:25.260523Z,elea,0.1.1,ef66ed9,hash,f.bin,hash,1.098584,2097152,,,blake3
2,6,2026-03-11T12:20:25.2619Z,elea,0.1.1,ef66ed9,add,f.bin,backend_store,0.2935,2097152,,None,blake3
2,6,2026-03-11T12:20:25.262018Z,elea,0.1.1,ef66ed9,add,f.bin,add_file_total,2.6229999999999998,2097152,,None,blake3
2,6,2026-03-11T12:20:25.262059Z,elea,0.1.1,ef66ed9,add,,add_total,2.6844590000000004,,1,None,blake3
2,7,2026-03-11T12:20:25.280347Z,elea,0.1.1,ef66ed9,hash,f.bin,hash,1.098833,2097152,,,blake3
2,7,2026-03-11T12:20:25.281546Z,elea,0.1.1,ef66ed9,add,f.bin,backend_store,0.26675,2097152,,None,blake3
2,7,2026-03-11T12:20:25.281654Z,elea,0.1.1,ef66ed9,add,f.bin,add_file_total,2.436459,2097152,,None,blake3
2,7,2026-03-11T12:20:25.281691Z,elea,0.1.1,ef66ed9,add,,add_total,2.494459,,1,None,blake3
2,8,2026-03-11T12:20:25.299879Z,elea,0.1.1,ef66ed9,hash,f.bin,hash,1.127333,2097152,,,blake3
2,8,2026-03-11T12:20:25.30119Z,elea,0.1.1,ef66ed9,add,f.bin,backend_store,0.27995899999999996,2097152,,None,blake3
2,8,2026-03-11T12:20:25.301315Z,elea,0.1.1,ef66ed9,add,f.bin,add_file_total,2.590375,2097152,,None,blake3
2,8,2026-03-11T12:20:25.30135Z,elea,0.1.1,ef66ed9,add,,add_total,2.650583,,1,None,blake3
2,9,2026-03-11T12:20:25.319104Z,elea,0.1.1,ef66ed9,hash,f.bin,hash,1.1138750000000002,2097152,,,blake3
2,9,2026-03-11T12:20:25.320376Z,elea,0.1.1,ef66ed9,add,f.bin,backend_store,0.280042,2097152,,None,blake3
2,9,2026-03-11T12:20:25.320486Z,elea,0.1.1,ef66ed9,add,f.bin,add_file_total,2.5239580000000004,2097152,,None,blake3
2,9,2026-03-11T12:20:25.320525Z,elea,0.1.1,ef66ed9,add,,add_total,2.588417,,1,None,blake3
2,10,2026-03-11T12:20:25.338329Z,elea,0.1.1,ef66ed9,hash,f.bin,hash,1.106625,2097152,,,blake3
2,10,2026-03-11T12:20:25.339739Z,elea,0.1.1,ef66ed9,add,f.bin,backend_store,0.275959,2097152,,None,blake3
2,10,2026-03-11T12:20:25.339855Z,elea,0.1.1,ef66ed9,add,f.bin,add_file_total,2.659584,2097152,,None,blake3
2,10,2026-03-11T12:20:25.339901Z,elea,0.1.1,ef66ed9,add,,add_total,2.731417,,1,None,blake3
2,11,2026-03-11T12:20:25.357761Z,elea,0.1.1,ef66ed9,hash,f.bin,hash,1.1209580000000001,2097152,,,blake3
2,11,2026-03-11T12:20:25.359328Z,elea,0.1.1,ef66ed9,add,f.bin,backend_store,0.22262500000000002,2097152,,None,blake3
2,11,2026-03-11T12:20:25.359443Z,elea,0.1.1,ef66ed9,add,f.bin,add_file_total,2.830208,2097152,,None,blake3
2,11,2026-03-11T12:20:25.35949Z,elea,0.1.1,ef66ed9,add,,add_total,2.899,,1,None,blake3
2,12,2026-03-11T12:20:25.377405Z,elea,0.1.1,ef66ed9,hash,f.bin,hash,1.095667,2097152,,,blake3
2,12,2026-03-11T12:20:25.378831Z,elea,0.1.1,ef66ed9,add,f.bin,backend_store,0.241084,2097152,,None,blake3
2,12,2026-03-11T12:20:25.378935Z,elea,0.1.1,ef66ed9,add,f.bin,add_file_total,2.654417,2097152,,None,blake3
2,12,2026-03-11T12:20:25.378971Z,elea,0.1.1,ef66ed9,add,,add_total,2.713,,1,None,blake3
2,13,2026-03-11T12:20:25.397024Z,elea,0.1.1,ef66ed9,hash,f.bin,hash,1.097125,2097152,,,blake3
2,13,2026-03-11T12:20:25.398379Z,elea,0.1.1,ef66ed9,add,f.bin,backend_store,0.267125,2097152,,None,blake3
2,13,2026-03-11T12:20:25.398504Z,elea,0.1.1,ef66ed9,add,f.bin,add_file_total,2.6045830000000003,2097152,,None,blake3
2,13,2026-03-11T12:20:25.398541Z,elea,0.1.1,ef66ed9,add,,add_total,2.667166,,1,None,blake3
2,14,2026-03-11T12:20:25.415983Z,elea,0.1.1,ef66ed9,hash,f.bin,hash,1.1143329999999998,2097152,,,blake3
2,14,2026-03-11T12:20:25.417271Z,elea,0.1.1,ef66ed9,add,f.bin,backend_store,0.277083,2097152,,None,blake3
2,14,2026-03-11T12:20:25.417397Z,elea,0.1.1,ef66ed9,add,f.bin,add_file_total,2.5604999999999998,2097152,,None,blake3
2,14,2026-03-11T12:20:25.417436Z,elea,0.1.1,ef66ed9,add,,add_total,2.6254579999999996,,1,None,blake3
2,15,2026-03-11T12:20:25.434921Z,elea,0.1.1,ef66ed9,hash,f.bin,hash,1.1022910000000001,2097152,,,blake3
2,15,2026-03-11T12:20:25.436292Z,elea,0.1.1,ef66ed9,add,f.bin,backend_store,0.27545899999999995,2097152,,None,blake3
2,15,2026-03-11T12:20:25.436412Z,elea,0.1.1,ef66ed9,add,f.bin,add_file_total,2.623458,2097152,,None,blake3
2,15,2026-03-11T12:20:25.436451Z,elea,0.1.1,ef66ed9,add,,add_total,2.6837079999999998,,1,None,blake3
2,16,2026-03-11T12:20:25.453769Z,elea,0.1.1,ef66ed9,hash,f.bin,hash,1.1102919999999998,2097152,,,blake3
2,16,2026-03-11T12:20:25.455174Z,elea,0.1.1,ef66ed9,add,f.bin,backend_store,0.270667,2097152,,None,blake3
2,16,2026-03-11T12:20:25.455299Z,elea,0.1.1,ef66ed9,add,f.bin,add_file_total,2.666125,2097152,,None,blake3
2,16,2026-03-11T12:20:25.45534Z,elea,0.1.1,ef66ed9,add,,add_total,2.7265420000000002,,1,None,blake3
2,17,2026-03-11T12:20:25.473122Z,elea,0.1.1,ef66ed9,hash,f.bin,hash,1.111209,2097152,,,blake3
2,17,2026-03-11T12:20:25.474421Z,elea,0.1.1,ef66ed9,add,f.bin,backend_store,0.227917,2097152,,None,blake3
2,17,2026-03-11T12:20:25.474541Z,elea,0.1.1,ef66ed9,add,f.bin,add_file_total,2.5561249999999998,2097152,,None,blake3
2,17,2026-03-11T12:20:25.474583Z,elea,0.1.1,ef66ed9,add,,add_total,2.6193750000000002,,1,None,blake3
2,18,2026-03-11T12:20:25.492139Z,elea,0.1.1,ef66ed9,hash,f.bin,hash,1.097458,2097152,,,blake3
2,18,2026-03-11T12:20:25.493509Z,elea,0.1.1,ef66ed9,add,f.bin,backend_store,0.279667,2097152,,None,blake3
2,18,2026-03-11T12:20:25.493629Z,elea,0.1.1,ef66ed9,add,f.bin,add_file_total,2.6155000000000004,2097152,,None,blake3
2,18,2026-03-11T12:20:25.493669Z,elea,0.1.1,ef66ed9,add,,add_total,2.675416,,1,None,blake3
2,19,2026-03-11T12:20:25.511471Z,elea,0.1.1,ef66ed9,hash,f.bin,hash,1.1039999999999999,2097152,,,blake3
2,19,2026-03-11T12:20:25.512803Z,elea,0.1.1,ef66ed9,add,f.bin,backend_store,0.265125,2097152,,None,blake3
2,19,2026-03-11T12:20:25.512913Z,elea,0.1.1,ef66ed9,add,f.bin,add_file_total,2.5725000000000002,2097152,,None,blake3
2,19,2026-03-11T12:20:25.51295Z,elea,0.1.1,ef66ed9,add,,add_total,2.632041,,1,None,blake3
2,20,2026-03-11T12:20:25.530253Z,elea,0.1.1,ef66ed9,hash,f.bin,hash,1.1050840000000002,2097152,,,blake3
2,20,2026-03-11T12:20:25.531523Z,elea,0.1.1,ef66ed9,add,f.bin,backend_store,0.292166,2097152,,None,blake3
2,20,2026-03-11T12:20:25.531641Z,elea,0.1.1,ef66ed9,add,f.bin,add_file_total,2.519416,2097152,,None,blake3
2,20,2026-03-11T12:20:25.53168Z,elea,0.1.1,ef66ed9,add,,add_total,2.5795000000000003,,1,None,blake3
2,21,2026-03-11T12:20:25.549075Z,elea,0.1.1,ef66ed9,hash,f.bin,hash,1.1041670000000001,2097152,,,blake3
2,21,2026-03-11T12:20:25.550319Z,elea,0.1.1,ef66ed9,add,f.bin,backend_store,0.280792,2097152,,None,blake3
2,21,2026-03-11T12:20:25.550438Z,elea,0.1.1,ef66ed9,add,f.bin,add_file_total,2.49275,2097152,,None,blake3
2,21,2026-03-11T12:20:25.550477Z,elea,0.1.1,ef66ed9,add,,add_total,2.5539579999999997,,1,None,blake3
2,22,2026-03-11T12:20:25.568351Z,elea,0.1.1,ef66ed9,hash,f.bin,hash,1.11575,2097152,,,blake3
2,22,2026-03-11T12:20:25.569851Z,elea,0.1.1,ef66ed9,add,f.bin,backend_store,0.311458,2097152,,None,blake3
2,22,2026-03-11T12:20:25.569969Z,elea,0.1.1,ef66ed9,add,f.bin,add_file_total,2.7664579999999996,2097152,,None,blake3
2,22,2026-03-11T12:20:25.570006Z,elea,0.1.1,ef66ed9,add,,add_total,2.8275829999999997,,1,None,blake3
2,23,2026-03-11T12:20:25.588183Z,elea,0.1.1,ef66ed9,hash,f.bin,hash,1.099458,2097152,,,blake3
2,23,2026-03-11T12:20:25.589509Z,elea,0.1.1,ef66ed9,add,f.bin,backend_store,0.283042,2097152,,None,blake3
2,23,2026-03-11T12:20:25.58964Z,elea,0.1.1,ef66ed9,add,f.bin,add_file_total,2.5871660000000003,2097152,,None,blake3
2,23,2026-03-11T12:20:25.589683Z,elea,0.1.1,ef66ed9,add,,add_total,2.6611249999999997,,1,None,blake3
2,24,2026-03-11T12:20:25.608696Z,elea,0.1.1,ef66ed9,hash,f.bin,hash,1.127084,2097152,,,blake3
2,24,2026-03-11T12:20:25.610021Z,elea,0.1.1,ef66ed9,add,f.bin,backend_store,0.249834,2097152,,None,blake3
2,24,2026-03-11T12:20:25.610146Z,elea,0.1.1,ef66ed9,add,f.bin,add_file_total,2.607959,2097152,,None,blake3
2,24,2026-03-11T12:20:25.610187Z,elea,0.1.1,ef66ed9,add,,add_total,2.672625,,1,None,blake3
2,25,2026-03-11T12:20:25.629575Z,elea,0.1.1,ef66ed9,hash,f.bin,hash,1.155292,2097152,,,blake3
2,25,2026-03-11T12:20:25.631135Z,elea,0.1.1,ef66ed9,add,f.bin,backend_store,0.288459,2097152,,None,blake3
2,25,2026-03-11T12:20:25.631261Z,elea,0.1.1,ef66ed9,add,f.bin,add_file_total,2.8821250000000003,2097152,,None,blake3
2,25,2026-03-11T12:20:25.631303Z,elea,0.1.1,ef66ed9,add,,add_total,2.9472500000000004,,1,None,blake3
5,1,2026-03-11T12:20:25.665628Z,elea,0.1.1,ef66ed9,hash,f.bin,hash,2.9307090000000002,5242880,,,blake3
5,1,2026-03-11T12:20:25.667325Z,elea,0.1.1,ef66ed9,add,f.bin,backend_store,0.32375,5242880,,None,blake3
5,1,2026-03-11T12:20:25.667516Z,elea,0.1.1,ef66ed9,add,f.bin,add_file_total,4.861042,5242880,,None,blake3
5,1,2026-03-11T12:20:25.667571Z,elea,0.1.1,ef66ed9,add,,add_total,4.940792,,1,None,blake3
5,2,2026-03-11T12:20:25.695621Z,elea,0.1.1,ef66ed9,hash,f.bin,hash,2.710083,5242880,,,blake3
5,2,2026-03-11T12:20:25.697225Z,elea,0.1.1,ef66ed9,add,f.bin,backend_store,0.329042,5242880,,None,blake3
5,2,2026-03-11T12:20:25.697379Z,elea,0.1.1,ef66ed9,add,f.bin,add_file_total,4.502042,5242880,,None,blake3
5,2,2026-03-11T12:20:25.697424Z,elea,0.1.1,ef66ed9,add,,add_total,4.579917,,1,None,blake3
5,3,2026-03-11T12:20:25.727186Z,elea,0.1.1,ef66ed9,hash,f.bin,hash,2.969375,5242880,,,blake3
5,3,2026-03-11T12:20:25.729175Z,elea,0.1.1,ef66ed9,add,f.bin,backend_store,0.335625,5242880,,None,blake3
5,3,2026-03-11T12:20:25.729348Z,elea,0.1.1,ef66ed9,add,f.bin,add_file_total,5.169125,5242880,,None,blake3
5,3,2026-03-11T12:20:25.72941Z,elea,0.1.1,ef66ed9,add,,add_total,5.2671660000000005,,1,None,blake3
5,4,2026-03-11T12:20:25.758315Z,elea,0.1.1,ef66ed9,hash,f.bin,hash,2.746709,5242880,,,blake3
5,4,2026-03-11T12:20:25.759921Z,elea,0.1.1,ef66ed9,add,f.bin,backend_store,0.29512499999999997,5242880,,None,blake3
5,4,2026-03-11T12:20:25.760046Z,elea,0.1.1,ef66ed9,add,f.bin,add_file_total,4.508125,5242880,,None,blake3
5,4,2026-03-11T12:20:25.760091Z,elea,0.1.1,ef66ed9,add,,add_total,4.571458,,1,None,blake3
5,5,2026-03-11T12:20:25.787224Z,elea,0.1.1,ef66ed9,hash,f.bin,hash,2.755125,5242880,,,blake3
5,5,2026-03-11T12:20:25.788761Z,elea,0.1.1,ef66ed9,add,f.bin,backend_store,0.26899999999999996,5242880,,None,blake3
5,5,2026-03-11T12:20:25.788904Z,elea,0.1.1,ef66ed9,add,f.bin,add_file_total,4.471458,5242880,,None,blake3
5,5,2026-03-11T12:20:25.788957Z,elea,0.1.1,ef66ed9,add,,add_total,4.551709,,1,None,blake3
5,6,2026-03-11T12:20:25.81575Z,elea,0.1.1,ef66ed9,hash,f.bin,hash,2.7403750000000002,5242880,,,blake3
5,6,2026-03-11T12:20:25.817427Z,elea,0.1.1,ef66ed9,add,f.bin,backend_store,0.351875,5242880,,None,blake3
5,6,2026-03-11T12:20:25.817558Z,elea,0.1.1,ef66ed9,add,f.bin,add_file_total,4.576083,5242880,,None,blake3
5,6,2026-03-11T12:20:25.81761Z,elea,0.1.1,ef66ed9,add,,add_total,4.652,,1,None,blake3
5,7,2026-03-11T12:20:25.852111Z,elea,0.1.1,ef66ed9,hash,f.bin,hash,2.920458,5242880,,,blake3
5,7,2026-03-11T12:20:25.854203Z,elea,0.1.1,ef66ed9,add,f.bin,backend_store,0.433791,5242880,,None,blake3
5,7,2026-03-11T12:20:25.856496Z,elea,0.1.1,ef66ed9,add,f.bin,add_file_total,7.349457999999999,5242880,,None,blake3
5,7,2026-03-11T12:20:25.856556Z,elea,0.1.1,ef66ed9,add,,add_total,7.440334,,1,None,blake3
5,8,2026-03-11T12:20:25.886636Z,elea,0.1.1,ef66ed9,hash,f.bin,hash,2.735125,5242880,,,blake3
5,8,2026-03-11T12:20:25.888244Z,elea,0.1.1,ef66ed9,add,f.bin,backend_store,0.308166,5242880,,None,blake3
5,8,2026-03-11T12:20:25.888389Z,elea,0.1.1,ef66ed9,add,f.bin,add_file_total,4.523333,5242880,,None,blake3
5,8,2026-03-11T12:20:25.888442Z,elea,0.1.1,ef66ed9,add,,add_total,4.606292,,1,None,blake3
5,9,2026-03-11T12:20:25.915456Z,elea,0.1.1,ef66ed9,hash,f.bin,hash,2.801875,5242880,,,blake3
5,9,2026-03-11T12:20:25.917323Z,elea,0.1.1,ef66ed9,add,f.bin,backend_store,0.296666,5242880,,None,blake3
5,9,2026-03-11T12:20:25.91747Z,elea,0.1.1,ef66ed9,add,f.bin,add_file_total,4.845333999999999,5242880,,None,blake3
5,9,2026-03-11T12:20:25.917508Z,elea,0.1.1,ef66ed9,add,,add_total,4.9035,,1,None,blake3
5,10,2026-03-11T12:20:25.944572Z,elea,0.1.1,ef66ed9,hash,f.bin,hash,2.738875,5242880,,,blake3
5,10,2026-03-11T12:20:25.94618Z,elea,0.1.1,ef66ed9,add,f.bin,backend_store,0.28983299999999995,5242880,,None,blake3
5,10,2026-03-11T12:20:25.946308Z,elea,0.1.1,ef66ed9,add,f.bin,add_file_total,4.512792,5242880,,None,blake3
5,10,2026-03-11T12:20:25.946357Z,elea,0.1.1,ef66ed9,add,,add_total,4.583666999999999,,1,None,blake3
5,11,2026-03-11T12:20:25.972966Z,elea,0.1.1,ef66ed9,hash,f.bin,hash,2.743125,5242880,,,blake3
5,11,2026-03-11T12:20:25.974545Z,elea,0.1.1,ef66ed9,add,f.bin,backend_store,0.260042,5242880,,None,blake3
5,11,2026-03-11T12:20:25.974674Z,elea,0.1.1,ef66ed9,add,f.bin,add_file_total,4.485917,5242880,,None,blake3
5,11,2026-03-11T12:20:25.974722Z,elea,0.1.1,ef66ed9,add,,add_total,4.56,,1,None,blake3
5,12,2026-03-11T12:20:26.00139Z,elea,0.1.1,ef66ed9,hash,f.bin,hash,2.748917,5242880,,,blake3
5,12,2026-03-11T12:20:26.002951Z,elea,0.1.1,ef66ed9,add,f.bin,backend_store,0.287,5242880,,None,blake3
5,12,2026-03-11T12:20:26.003078Z,elea,0.1.1,ef66ed9,add,f.bin,add_file_total,4.472167,5242880,,None,blake3
5,12,2026-03-11T12:20:26.003124Z,elea,0.1.1,ef66ed9,add,,add_total,4.538833,,1,None,blake3
5,13,2026-03-11T12:20:26.030297Z,elea,0.1.1,ef66ed9,hash,f.bin,hash,2.7477080000000003,5242880,,,blake3
5,13,2026-03-11T12:20:26.032049Z,elea,0.1.1,ef66ed9,add,f.bin,backend_store,0.291792,5242880,,None,blake3
5,13,2026-03-11T12:20:26.032205Z,elea,0.1.1,ef66ed9,add,f.bin,add_file_total,4.6855,5242880,,None,blake3
5,13,2026-03-11T12:20:26.032255Z,elea,0.1.1,ef66ed9,add,,add_total,4.75725,,1,None,blake3
5,14,2026-03-11T12:20:26.060276Z,elea,0.1.1,ef66ed9,hash,f.bin,hash,2.8040830000000003,5242880,,,blake3
5,14,2026-03-11T12:20:26.062057Z,elea,0.1.1,ef66ed9,add,f.bin,backend_store,0.299209,5242880,,None,blake3
5,14,2026-03-11T12:20:26.062188Z,elea,0.1.1,ef66ed9,add,f.bin,add_file_total,4.754041,5242880,,None,blake3
5,14,2026-03-11T12:20:26.062234Z,elea,0.1.1,ef66ed9,add,,add_total,4.822082999999999,,1,None,blake3
5,15,2026-03-11T12:20:26.089167Z,elea,0.1.1,ef66ed9,hash,f.bin,hash,2.7300419999999996,5242880,,,blake3
5,15,2026-03-11T12:20:26.090831Z,elea,0.1.1,ef66ed9,add,f.bin,backend_store,0.28225,5242880,,None,blake3
5,15,2026-03-11T12:20:26.090959Z,elea,0.1.1,ef66ed9,add,f.bin,add_file_total,4.549542,5242880,,None,blake3
5,15,2026-03-11T12:20:26.091007Z,elea,0.1.1,ef66ed9,add,,add_total,4.619834,,1,None,blake3
5,16,2026-03-11T12:20:26.11759Z,elea,0.1.1,ef66ed9,hash,f.bin,hash,2.7083340000000002,5242880,,,blake3
5,16,2026-03-11T12:20:26.119029Z,elea,0.1.1,ef66ed9,add,f.bin,backend_store,0.253167,5242880,,None,blake3
5,16,2026-03-11T12:20:26.119177Z,elea,0.1.1,ef66ed9,add,f.bin,add_file_total,4.326959,5242880,,None,blake3
5,16,2026-03-11T12:20:26.119221Z,elea,0.1.1,ef66ed9,add,,add_total,4.3965000000000005,,1,None,blake3
5,17,2026-03-11T12:20:26.148009Z,elea,0.1.1,ef66ed9,hash,f.bin,hash,3.3400410000000003,5242880,,,blake3
5,17,2026-03-11T12:20:26.14967Z,elea,0.1.1,ef66ed9,add,f.bin,backend_store,0.32337499999999997,5242880,,None,blake3
5,17,2026-03-11T12:20:26.149835Z,elea,0.1.1,ef66ed9,add,f.bin,add_file_total,5.215167,5242880,,None,blake3
5,17,2026-03-11T12:20:26.149886Z,elea,0.1.1,ef66ed9,add,,add_total,5.290333,,1,None,blake3
5,18,2026-03-11T12:20:26.179197Z,elea,0.1.1,ef66ed9,hash,f.bin,hash,2.734208,5242880,,,blake3
5,18,2026-03-11T12:20:26.180903Z,elea,0.1.1,ef66ed9,add,f.bin,backend_store,0.28150000000000003,5242880,,None,blake3
5,18,2026-03-11T12:20:26.181032Z,elea,0.1.1,ef66ed9,add,f.bin,add_file_total,4.599417,5242880,,None,blake3
5,18,2026-03-11T12:20:26.181076Z,elea,0.1.1,ef66ed9,add,,add_total,4.665,,1,None,blake3
5,19,2026-03-11T12:20:26.207641Z,elea,0.1.1,ef66ed9,hash,f.bin,hash,2.705709,5242880,,,blake3
5,19,2026-03-11T12:20:26.209028Z,elea,0.1.1,ef66ed9,add,f.bin,backend_store,0.279458,5242880,,None,blake3
5,19,2026-03-11T12:20:26.209148Z,elea,0.1.1,ef66ed9,add,f.bin,add_file_total,4.240625,5242880,,None,blake3
5,19,2026-03-11T12:20:26.209194Z,elea,0.1.1,ef66ed9,add,,add_total,4.308125,,1,None,blake3
5,20,2026-03-11T12:20:26.235605Z,elea,0.1.1,ef66ed9,hash,f.bin,hash,2.74225,5242880,,,blake3
5,20,2026-03-11T12:20:26.237301Z,elea,0.1.1,ef66ed9,add,f.bin,backend_store,0.317791,5242880,,None,blake3
5,20,2026-03-11T12:20:26.237437Z,elea,0.1.1,ef66ed9,add,f.bin,add_file_total,4.6045419999999995,5242880,,None,blake3
5,20,2026-03-11T12:20:26.237485Z,elea,0.1.1,ef66ed9,add,,add_total,4.674042,,1,None,blake3
5,21,2026-03-11T12:20:26.264254Z,elea,0.1.1,ef66ed9,hash,f.bin,hash,2.73175,5242880,,,blake3
5,21,2026-03-11T12:20:26.265897Z,elea,0.1.1,ef66ed9,add,f.bin,backend_store,0.24025000000000002,5242880,,None,blake3
5,21,2026-03-11T12:20:26.266023Z,elea,0.1.1,ef66ed9,add,f.bin,add_file_total,4.534541,5242880,,None,blake3
5,21,2026-03-11T12:20:26.26607Z,elea,0.1.1,ef66ed9,add,,add_total,4.602791,,1,None,blake3
5,22,2026-03-11T12:20:26.293429Z,elea,0.1.1,ef66ed9,hash,f.bin,hash,2.836417,5242880,,,blake3
5,22,2026-03-11T12:20:26.295086Z,elea,0.1.1,ef66ed9,add,f.bin,backend_store,0.31679199999999996,5242880,,None,blake3
5,22,2026-03-11T12:20:26.295237Z,elea,0.1.1,ef66ed9,add,f.bin,add_file_total,4.681167,5242880,,None,blake3
5,22,2026-03-11T12:20:26.295332Z,elea,0.1.1,ef66ed9,add,,add_total,4.795625,,1,None,blake3
5,23,2026-03-11T12:20:26.322517Z,elea,0.1.1,ef66ed9,hash,f.bin,hash,2.716375,5242880,,,blake3
5,23,2026-03-11T12:20:26.323983Z,elea,0.1.1,ef66ed9,add,f.bin,backend_store,0.28225,5242880,,None,blake3
5,23,2026-03-11T12:20:26.324114Z,elea,0.1.1,ef66ed9,add,f.bin,add_file_total,4.346042,5242880,,None,blake3
5,23,2026-03-11T12:20:26.324163Z,elea,0.1.1,ef66ed9,add,,add_total,4.418458,,1,None,blake3
5,24,2026-03-11T12:20:26.350687Z,elea,0.1.1,ef66ed9,hash,f.bin,hash,2.729917,5242880,,,blake3
5,24,2026-03-11T12:20:26.352252Z,elea,0.1.1,ef66ed9,add,f.bin,backend_store,0.242042,5242880,,None,blake3
5,24,2026-03-11T12:20:26.352376Z,elea,0.1.1,ef66ed9,add,f.bin,add_file_total,4.453083,5242880,,None,blake3
5,24,2026-03-11T12:20:26.352415Z,elea,0.1.1,ef66ed9,add,,add_total,4.51675,,1,None,blake3
5,25,2026-03-11T12:20:26.379182Z,elea,0.1.1,ef66ed9,hash,f.bin,hash,2.773917,5242880,,,blake3
5,25,2026-03-11T12:20:26.380778Z,elea,0.1.1,ef66ed9,add,f.bin,backend_store,0.280625,5242880,,None,blake3
5,25,2026-03-11T12:20:26.380952Z,elea,0.1.1,ef66ed9,add,f.bin,add_file_total,4.577666,5242880,,None,blake3
5,25,2026-03-11T12:20:26.381001Z,elea,0.1.1,ef66ed9,add,,add_total,4.6467920000000005,,1,None,blake3
10,1,2026-03-11T12:20:26.423515Z,elea,0.1.1,ef66ed9,hash,f.bin,hash,5.42175,10485760,,,blake3
10,1,2026-03-11T12:20:26.425128Z,elea,0.1.1,ef66ed9,add,f.bin,backend_store,0.27995800000000004,10485760,,None,blake3
10,1,2026-03-11T12:20:26.425239Z,elea,0.1.1,ef66ed9,add,f.bin,add_file_total,7.175458,10485760,,None,blake3
10,1,2026-03-11T12:20:26.425279Z,elea,0.1.1,ef66ed9,add,,add_total,7.234875,,1,None,blake3
10,2,2026-03-11T12:20:26.467926Z,elea,0.1.1,ef66ed9,hash,f.bin,hash,5.595917,10485760,,,blake3
10,2,2026-03-11T12:20:26.469942Z,elea,0.1.1,ef66ed9,add,f.bin,backend_store,0.304583,10485760,,None,blake3
10,2,2026-03-11T12:20:26.470089Z,elea,0.1.1,ef66ed9,add,f.bin,add_file_total,7.795875,10485760,,None,blake3
10,2,2026-03-11T12:20:26.470147Z,elea,0.1.1,ef66ed9,add,,add_total,7.889375,,1,None,blake3
10,3,2026-03-11T12:20:26.51196Z,elea,0.1.1,ef66ed9,hash,f.bin,hash,5.385959,10485760,,,blake3
10,3,2026-03-11T12:20:26.513706Z,elea,0.1.1,ef66ed9,add,f.bin,backend_store,0.289708,10485760,,None,blake3
10,3,2026-03-11T12:20:26.513843Z,elea,0.1.1,ef66ed9,add,f.bin,add_file_total,7.302959,10485760,,None,blake3
10,3,2026-03-11T12:20:26.513883Z,elea,0.1.1,ef66ed9,add,,add_total,7.378375,,1,None,blake3
10,4,2026-03-11T12:20:26.555206Z,elea,0.1.1,ef66ed9,hash,f.bin,hash,5.443459000000001,10485760,,,blake3
10,4,2026-03-11T12:20:26.556922Z,elea,0.1.1,ef66ed9,add,f.bin,backend_store,0.30366699999999996,10485760,,None,blake3
10,4,2026-03-11T12:20:26.557046Z,elea,0.1.1,ef66ed9,add,f.bin,add_file_total,7.310709,10485760,,None,blake3
10,4,2026-03-11T12:20:26.557087Z,elea,0.1.1,ef66ed9,add,,add_total,7.371541,,1,None,blake3
10,5,2026-03-11T12:20:26.5993Z,elea,0.1.1,ef66ed9,hash,f.bin,hash,5.408125,10485760,,,blake3
10,5,2026-03-11T12:20:26.601434Z,elea,0.1.1,ef66ed9,add,f.bin,backend_store,0.311416,10485760,,None,blake3
10,5,2026-03-11T12:20:26.601562Z,elea,0.1.1,ef66ed9,add,f.bin,add_file_total,7.70125,10485760,,None,blake3
10,5,2026-03-11T12:20:26.601604Z,elea,0.1.1,ef66ed9,add,,add_total,7.7635,,1,None,blake3
10,6,2026-03-11T12:20:26.644093Z,elea,0.1.1,ef66ed9,hash,f.bin,hash,5.7199160000000004,10485760,,,blake3
10,6,2026-03-11T12:20:26.645744Z,elea,0.1.1,ef66ed9,add,f.bin,backend_store,0.309917,10485760,,None,blake3
10,6,2026-03-11T12:20:26.64587Z,elea,0.1.1,ef66ed9,add,f.bin,add_file_total,7.530708,10485760,,None,blake3
10,6,2026-03-11T12:20:26.645908Z,elea,0.1.1,ef66ed9,add,,add_total,7.589167,,1,None,blake3
10,7,2026-03-11T12:20:26.688529Z,elea,0.1.1,ef66ed9,hash,f.bin,hash,5.5575,10485760,,,blake3
10,7,2026-03-11T12:20:26.690259Z,elea,0.1.1,ef66ed9,add,f.bin,backend_store,0.247542,10485760,,None,blake3
10,7,2026-03-11T12:20:26.69038Z,elea,0.1.1,ef66ed9,add,f.bin,add_file_total,7.4472499999999995,10485760,,None,blake3
10,7,2026-03-11T12:20:26.690422Z,elea,0.1.1,ef66ed9,add,,add_total,7.518167,,1,None,blake3
10,8,2026-03-11T12:20:26.731395Z,elea,0.1.1,ef66ed9,hash,f.bin,hash,5.42675,10485760,,,blake3
10,8,2026-03-11T12:20:26.732928Z,elea,0.1.1,ef66ed9,add,f.bin,backend_store,0.289375,10485760,,None,blake3
10,8,2026-03-11T12:20:26.733034Z,elea,0.1.1,ef66ed9,add,f.bin,add_file_total,7.101917,10485760,,None,blake3
10,8,2026-03-11T12:20:26.733076Z,elea,0.1.1,ef66ed9,add,,add_total,7.168375,,1,None,blake3
10,9,2026-03-11T12:20:26.773727Z,elea,0.1.1,ef66ed9,hash,f.bin,hash,5.371542,10485760,,,blake3
10,9,2026-03-11T12:20:26.775343Z,elea,0.1.1,ef66ed9,add,f.bin,backend_store,0.281458,10485760,,None,blake3
10,9,2026-03-11T12:20:26.775458Z,elea,0.1.1,ef66ed9,add,f.bin,add_file_total,7.132666,10485760,,None,blake3
10,9,2026-03-11T12:20:26.775503Z,elea,0.1.1,ef66ed9,add,,add_total,7.198833,,1,None,blake3
10,10,2026-03-11T12:20:26.817143Z,elea,0.1.1,ef66ed9,hash,f.bin,hash,5.613167,10485760,,,blake3
10,10,2026-03-11T12:20:26.818811Z,elea,0.1.1,ef66ed9,add,f.bin,backend_store,0.275292,10485760,,None,blake3
10,10,2026-03-11T12:20:26.818942Z,elea,0.1.1,ef66ed9,add,f.bin,add_file_total,7.441709,10485760,,None,blake3
10,10,2026-03-11T12:20:26.81898Z,elea,0.1.1,ef66ed9,add,,add_total,7.5011660000000004,,1,None,blake3
10,11,2026-03-11T12:20:26.863238Z,elea,0.1.1,ef66ed9,hash,f.bin,hash,5.778708,10485760,,,blake3
10,11,2026-03-11T12:20:26.865473Z,elea,0.1.1,ef66ed9,add,f.bin,backend_store,0.375875,10485760,,None,blake3
10,11,2026-03-11T12:20:26.865617Z,elea,0.1.1,ef66ed9,add,f.bin,add_file_total,8.193958,10485760,,None,blake3
10,11,2026-03-11T12:20:26.865664Z,elea,0.1.1,ef66ed9,add,,add_total,8.267042,,1,None,blake3
10,12,2026-03-11T12:20:26.911477Z,elea,0.1.1,ef66ed9,hash,f.bin,hash,5.878,10485760,,,blake3
10,12,2026-03-11T12:20:26.913244Z,elea,0.1.1,ef66ed9,add,f.bin,backend_store,0.375959,10485760,,None,blake3
10,12,2026-03-11T12:20:26.913387Z,elea,0.1.1,ef66ed9,add,f.bin,add_file_total,7.817334000000001,10485760,,None,blake3
10,12,2026-03-11T12:20:26.913427Z,elea,0.1.1,ef66ed9,add,,add_total,7.8875,,1,None,blake3
10,13,2026-03-11T12:20:26.957281Z,elea,0.1.1,ef66ed9,hash,f.bin,hash,5.4555419999999994,10485760,,,blake3
10,13,2026-03-11T12:20:26.959056Z,elea,0.1.1,ef66ed9,add,f.bin,backend_store,0.32975000000000004,10485760,,None,blake3
10,13,2026-03-11T12:20:26.959202Z,elea,0.1.1,ef66ed9,add,f.bin,add_file_total,7.407208,10485760,,None,blake3
10,13,2026-03-11T12:20:26.959242Z,elea,0.1.1,ef66ed9,add,,add_total,7.469125,,1,None,blake3
10,14,2026-03-11T12:20:27.003471Z,elea,0.1.1,ef66ed9,hash,f.bin,hash,5.755958000000001,10485760,,,blake3
10,14,2026-03-11T12:20:27.004655Z,elea,0.1.1,ef66ed9,add,f.bin,backend_store,0.27337500000000003,10485760,,None,blake3
10,14,2026-03-11T12:20:27.004777Z,elea,0.1.1,ef66ed9,add,f.bin,add_file_total,7.1024579999999995,10485760,,None,blake3
10,14,2026-03-11T12:20:27.004839Z,elea,0.1.1,ef66ed9,add,,add_total,7.199792,,1,None,blake3
10,15,2026-03-11T12:20:27.049339Z,elea,0.1.1,ef66ed9,hash,f.bin,hash,5.734249999999999,10485760,,,blake3
10,15,2026-03-11T12:20:27.051594Z,elea,0.1.1,ef66ed9,add,f.bin,backend_store,0.378666,10485760,,None,blake3
10,15,2026-03-11T12:20:27.051723Z,elea,0.1.1,ef66ed9,add,f.bin,add_file_total,8.155249999999999,10485760,,None,blake3
10,15,2026-03-11T12:20:27.051775Z,elea,0.1.1,ef66ed9,add,,add_total,8.228292,,1,None,blake3
10,16,2026-03-11T12:20:27.094991Z,elea,0.1.1,ef66ed9,hash,f.bin,hash,5.5165,10485760,,,blake3
10,16,2026-03-11T12:20:27.096664Z,elea,0.1.1,ef66ed9,add,f.bin,backend_store,0.331666,10485760,,None,blake3
10,16,2026-03-11T12:20:27.096811Z,elea,0.1.1,ef66ed9,add,f.bin,add_file_total,7.378,10485760,,None,blake3
10,16,2026-03-11T12:20:27.096855Z,elea,0.1.1,ef66ed9,add,,add_total,7.458125000000001,,1,None,blake3
10,17,2026-03-11T12:20:27.139561Z,elea,0.1.1,ef66ed9,hash,f.bin,hash,5.615625,10485760,,,blake3
10,17,2026-03-11T12:20:27.141119Z,elea,0.1.1,ef66ed9,add,f.bin,backend_store,0.318417,10485760,,None,blake3
10,17,2026-03-11T12:20:27.141249Z,elea,0.1.1,ef66ed9,add,f.bin,add_file_total,7.335416,10485760,,None,blake3
10,17,2026-03-11T12:20:27.141288Z,elea,0.1.1,ef66ed9,add,,add_total,7.399167,,1,None,blake3
10,18,2026-03-11T12:20:27.183738Z,elea,0.1.1,ef66ed9,hash,f.bin,hash,5.589583,10485760,,,blake3
10,18,2026-03-11T12:20:27.185371Z,elea,0.1.1,ef66ed9,add,f.bin,backend_store,0.336584,10485760,,None,blake3
10,18,2026-03-11T12:20:27.185499Z,elea,0.1.1,ef66ed9,add,f.bin,add_file_total,7.382958,10485760,,None,blake3
10,18,2026-03-11T12:20:27.185541Z,elea,0.1.1,ef66ed9,add,,add_total,7.447917,,1,None,blake3
10,19,2026-03-11T12:20:27.231657Z,elea,0.1.1,ef66ed9,hash,f.bin,hash,5.461542,10485760,,,blake3
10,19,2026-03-11T12:20:27.233162Z,elea,0.1.1,ef66ed9,add,f.bin,backend_store,0.33345800000000003,10485760,,None,blake3
10,19,2026-03-11T12:20:27.233297Z,elea,0.1.1,ef66ed9,add,f.bin,add_file_total,7.142375,10485760,,None,blake3
10,19,2026-03-11T12:20:27.233337Z,elea,0.1.1,ef66ed9,add,,add_total,7.212458,,1,None,blake3
10,20,2026-03-11T12:20:27.274982Z,elea,0.1.1,ef66ed9,hash,f.bin,hash,5.456583,10485760,,,blake3
10,20,2026-03-11T12:20:27.276596Z,elea,0.1.1,ef66ed9,add,f.bin,backend_store,0.35312499999999997,10485760,,None,blake3
10,20,2026-03-11T12:20:27.276795Z,elea,0.1.1,ef66ed9,add,f.bin,add_file_total,7.298708,10485760,,None,blake3
10,20,2026-03-11T12:20:27.276845Z,elea,0.1.1,ef66ed9,add,,add_total,7.367875000000001,,1,None,blake3
10,21,2026-03-11T12:20:27.320049Z,elea,0.1.1,ef66ed9,hash,f.bin,hash,5.574875,10485760,,,blake3
10,21,2026-03-11T12:20:27.321645Z,elea,0.1.1,ef66ed9,add,f.bin,backend_store,0.304542,10485760,,None,blake3
10,21,2026-03-11T12:20:27.321772Z,elea,0.1.1,ef66ed9,add,f.bin,add_file_total,7.336417,10485760,,None,blake3
10,21,2026-03-11T12:20:27.321815Z,elea,0.1.1,ef66ed9,add,,add_total,7.403042,,1,None,blake3
10,22,2026-03-11T12:20:27.364597Z,elea,0.1.1,ef66ed9,hash,f.bin,hash,5.663209,10485760,,,blake3
10,22,2026-03-11T12:20:27.366213Z,elea,0.1.1,ef66ed9,add,f.bin,backend_store,0.307417,10485760,,None,blake3
10,22,2026-03-11T12:20:27.366334Z,elea,0.1.1,ef66ed9,add,f.bin,add_file_total,7.442583,10485760,,None,blake3
10,22,2026-03-11T12:20:27.366374Z,elea,0.1.1,ef66ed9,add,,add_total,7.512124999999999,,1,None,blake3
10,23,2026-03-11T12:20:27.41005Z,elea,0.1.1,ef66ed9,hash,f.bin,hash,5.869291,10485760,,,blake3
10,23,2026-03-11T12:20:27.411729Z,elea,0.1.1,ef66ed9,add,f.bin,backend_store,0.281292,10485760,,None,blake3
10,23,2026-03-11T12:20:27.411864Z,elea,0.1.1,ef66ed9,add,f.bin,add_file_total,7.722583,10485760,,None,blake3
10,23,2026-03-11T12:20:27.411906Z,elea,0.1.1,ef66ed9,add,,add_total,7.796375,,1,None,blake3
10,24,2026-03-11T12:20:27.455895Z,elea,0.1.1,ef66ed9,hash,f.bin,hash,6.169625,10485760,,,blake3
10,24,2026-03-11T12:20:27.457495Z,elea,0.1.1,ef66ed9,add,f.bin,backend_store,0.28350000000000003,10485760,,None,blake3
10,24,2026-03-11T12:20:27.457622Z,elea,0.1.1,ef66ed9,add,f.bin,add_file_total,7.938583,10485760,,None,blake3
10,24,2026-03-11T12:20:27.457668Z,elea,0.1.1,ef66ed9,add,,add_total,8.007375000000001,,1,None,blake3
10,25,2026-03-11T12:20:27.503233Z,elea,0.1.1,ef66ed9,hash,f.bin,hash,6.107875,10485760,,,blake3
10,25,2026-03-11T12:20:27.504831Z,elea,0.1.1,ef66ed9,add,f.bin,backend_store,0.281542,10485760,,None,blake3
10,25,2026-03-11T12:20:27.504961Z,elea,0.1.1,ef66ed9,add,f.bin,add_file_total,7.878915999999999,10485760,,None,blake3
10,25,2026-03-11T12:20:27.505005Z,elea,0.1.1,ef66ed9,add,,add_total,7.958583999999999,,1,None,blake3
50,1,2026-03-11T12:20:27.667265Z,elea,0.1.1,ef66ed9,hash,f.bin,hash,28.59925,52428800,,,blake3
50,1,2026-03-11T12:20:27.669014Z,elea,0.1.1,ef66ed9,add,f.bin,backend_store,0.280625,52428800,,None,blake3
50,1,2026-03-11T12:20:27.669154Z,elea,0.1.1,ef66ed9,add,f.bin,add_file_total,30.5315,52428800,,None,blake3
50,1,2026-03-11T12:20:27.669195Z,elea,0.1.1,ef66ed9,add,,add_total,30.601291999999997,,1,None,blake3
50,2,2026-03-11T12:20:27.828078Z,elea,0.1.1,ef66ed9,hash,f.bin,hash,28.101875,52428800,,,blake3
50,2,2026-03-11T12:20:27.829837Z,elea,0.1.1,ef66ed9,add,f.bin,backend_store,0.320041,52428800,,None,blake3
50,2,2026-03-11T12:20:27.82998Z,elea,0.1.1,ef66ed9,add,f.bin,add_file_total,30.048333,52428800,,None,blake3
50,2,2026-03-11T12:20:27.830037Z,elea,0.1.1,ef66ed9,add,,add_total,30.130208,,1,None,blake3
50,3,2026-03-11T12:20:28.009267Z,elea,0.1.1,ef66ed9,hash,f.bin,hash,28.75275,52428800,,,blake3
50,3,2026-03-11T12:20:28.011126Z,elea,0.1.1,ef66ed9,add,f.bin,backend_store,0.34179099999999996,52428800,,None,blake3
50,3,2026-03-11T12:20:28.011299Z,elea,0.1.1,ef66ed9,add,f.bin,add_file_total,30.834375,52428800,,None,blake3
50,3,2026-03-11T12:20:28.011349Z,elea,0.1.1,ef66ed9,add,,add_total,30.912291,,1,None,blake3
50,4,2026-03-11T12:20:28.173201Z,elea,0.1.1,ef66ed9,hash,f.bin,hash,27.988916999999997,52428800,,,blake3
50,4,2026-03-11T12:20:28.174985Z,elea,0.1.1,ef66ed9,add,f.bin,backend_store,0.270333,52428800,,None,blake3
50,4,2026-03-11T12:20:28.175125Z,elea,0.1.1,ef66ed9,add,f.bin,add_file_total,29.956500000000002,52428800,,None,blake3
50,4,2026-03-11T12:20:28.175174Z,elea,0.1.1,ef66ed9,add,,add_total,30.0335,,1,None,blake3
50,5,2026-03-11T12:20:28.334587Z,elea,0.1.1,ef66ed9,hash,f.bin,hash,28.252792,52428800,,,blake3
50,5,2026-03-11T12:20:28.336305Z,elea,0.1.1,ef66ed9,add,f.bin,backend_store,0.33337500000000003,52428800,,None,blake3
50,5,2026-03-11T12:20:28.336507Z,elea,0.1.1,ef66ed9,add,f.bin,add_file_total,30.214125000000003,52428800,,None,blake3
50,5,2026-03-11T12:20:28.336556Z,elea,0.1.1,ef66ed9,add,,add_total,30.286459,,1,None,blake3
50,6,2026-03-11T12:20:28.497262Z,elea,0.1.1,ef66ed9,hash,f.bin,hash,28.00975,52428800,,,blake3
50,6,2026-03-11T12:20:28.499403Z,elea,0.1.1,ef66ed9,add,f.bin,backend_store,0.247291,52428800,,None,blake3
50,6,2026-03-11T12:20:28.499525Z,elea,0.1.1,ef66ed9,add,f.bin,add_file_total,30.311541000000002,52428800,,None,blake3
50,6,2026-03-11T12:20:28.49957Z,elea,0.1.1,ef66ed9,add,,add_total,30.382792,,1,None,blake3
50,7,2026-03-11T12:20:28.660297Z,elea,0.1.1,ef66ed9,hash,f.bin,hash,28.438417,52428800,,,blake3
50,7,2026-03-11T12:20:28.662482Z,elea,0.1.1,ef66ed9,add,f.bin,backend_store,0.278542,52428800,,None,blake3
50,7,2026-03-11T12:20:28.662646Z,elea,0.1.1,ef66ed9,add,f.bin,add_file_total,30.8285,52428800,,None,blake3
50,7,2026-03-11T12:20:28.662693Z,elea,0.1.1,ef66ed9,add,,add_total,30.907332999999998,,1,None,blake3
50,8,2026-03-11T12:20:28.820421Z,elea,0.1.1,ef66ed9,hash,f.bin,hash,27.556583,52428800,,,blake3
50,8,2026-03-11T12:20:28.822452Z,elea,0.1.1,ef66ed9,add,f.bin,backend_store,0.360709,52428800,,None,blake3
50,8,2026-03-11T12:20:28.822595Z,elea,0.1.1,ef66ed9,add,f.bin,add_file_total,29.76575,52428800,,None,blake3
50,8,2026-03-11T12:20:28.822643Z,elea,0.1.1,ef66ed9,add,,add_total,29.838791999999998,,1,None,blake3
50,9,2026-03-11T12:20:28.979834Z,elea,0.1.1,ef66ed9,hash,f.bin,hash,27.442999999999998,52428800,,,blake3
50,9,2026-03-11T12:20:28.981839Z,elea,0.1.1,ef66ed9,add,f.bin,backend_store,0.314208,52428800,,None,blake3
50,9,2026-03-11T12:20:28.981968Z,elea,0.1.1,ef66ed9,add,f.bin,add_file_total,29.608791,52428800,,None,blake3
50,9,2026-03-11T12:20:28.982009Z,elea,0.1.1,ef66ed9,add,,add_total,29.673334,,1,None,blake3
50,10,2026-03-11T12:20:29.141365Z,elea,0.1.1,ef66ed9,hash,f.bin,hash,27.504,52428800,,,blake3
50,10,2026-03-11T12:20:29.144449Z,elea,0.1.1,ef66ed9,add,f.bin,backend_store,0.26087499999999997,52428800,,None,blake3
50,10,2026-03-11T12:20:29.144578Z,elea,0.1.1,ef66ed9,add,f.bin,add_file_total,30.751708,52428800,,None,blake3
50,10,2026-03-11T12:20:29.144625Z,elea,0.1.1,ef66ed9,add,,add_total,30.822665999999998,,1,None,blake3
50,11,2026-03-11T12:20:29.300377Z,elea,0.1.1,ef66ed9,hash,f.bin,hash,27.482416999999998,52428800,,,blake3
50,11,2026-03-11T12:20:29.302035Z,elea,0.1.1,ef66ed9,add,f.bin,backend_store,0.257334,52428800,,None,blake3
50,11,2026-03-11T12:20:29.302165Z,elea,0.1.1,ef66ed9,add,f.bin,add_file_total,29.30425,52428800,,None,blake3
50,11,2026-03-11T12:20:29.302211Z,elea,0.1.1,ef66ed9,add,,add_total,29.373041,,1,None,blake3
50,12,2026-03-11T12:20:29.46173Z,elea,0.1.1,ef66ed9,hash,f.bin,hash,28.473792,52428800,,,blake3
50,12,2026-03-11T12:20:29.46414Z,elea,0.1.1,ef66ed9,add,f.bin,backend_store,0.305875,52428800,,None,blake3
50,12,2026-03-11T12:20:29.464301Z,elea,0.1.1,ef66ed9,add,f.bin,add_file_total,31.080084,52428800,,None,blake3
50,12,2026-03-11T12:20:29.464376Z,elea,0.1.1,ef66ed9,add,,add_total,31.176375,,1,None,blake3
50,13,2026-03-11T12:20:29.625806Z,elea,0.1.1,ef66ed9,hash,f.bin,hash,27.807833000000002,52428800,,,blake3
50,13,2026-03-11T12:20:29.627937Z,elea,0.1.1,ef66ed9,add,f.bin,backend_store,0.321166,52428800,,None,blake3
50,13,2026-03-11T12:20:29.628092Z,elea,0.1.1,ef66ed9,add,f.bin,add_file_total,30.142917,52428800,,None,blake3
50,13,2026-03-11T12:20:29.628144Z,elea,0.1.1,ef66ed9,add,,add_total,30.220041,,1,None,blake3
50,14,2026-03-11T12:20:29.793224Z,elea,0.1.1,ef66ed9,hash,f.bin,hash,27.782083,52428800,,,blake3
50,14,2026-03-11T12:20:29.795211Z,elea,0.1.1,ef66ed9,add,f.bin,backend_store,0.345833,52428800,,None,blake3
50,14,2026-03-11T12:20:29.795372Z,elea,0.1.1,ef66ed9,add,f.bin,add_file_total,29.9685,52428800,,None,blake3
50,14,2026-03-11T12:20:29.795434Z,elea,0.1.1,ef66ed9,add,,add_total,30.052540999999998,,1,None,blake3
50,15,2026-03-11T12:20:29.958213Z,elea,0.1.1,ef66ed9,hash,f.bin,hash,28.780541,52428800,,,blake3
50,15,2026-03-11T12:20:29.960143Z,elea,0.1.1,ef66ed9,add,f.bin,backend_store,0.300042,52428800,,None,blake3
50,15,2026-03-11T12:20:29.960282Z,elea,0.1.1,ef66ed9,add,f.bin,add_file_total,30.889375,52428800,,None,blake3
50,15,2026-03-11T12:20:29.960327Z,elea,0.1.1,ef66ed9,add,,add_total,30.9545,,1,None,blake3
50,16,2026-03-11T12:20:30.125206Z,elea,0.1.1,ef66ed9,hash,f.bin,hash,28.845833000000002,52428800,,,blake3
50,16,2026-03-11T12:20:30.127136Z,elea,0.1.1,ef66ed9,add,f.bin,backend_store,0.339416,52428800,,None,blake3
50,16,2026-03-11T12:20:30.127284Z,elea,0.1.1,ef66ed9,add,f.bin,add_file_total,30.972708,52428800,,None,blake3
50,16,2026-03-11T12:20:30.127342Z,elea,0.1.1,ef66ed9,add,,add_total,31.064541000000002,,1,None,blake3
50,17,2026-03-11T12:20:30.288098Z,elea,0.1.1,ef66ed9,hash,f.bin,hash,27.7895,52428800,,,blake3
50,17,2026-03-11T12:20:30.289806Z,elea,0.1.1,ef66ed9,add,f.bin,backend_store,0.39399999999999996,52428800,,None,blake3
50,17,2026-03-11T12:20:30.289945Z,elea,0.1.1,ef66ed9,add,f.bin,add_file_total,29.6725,52428800,,None,blake3
50,17,2026-03-11T12:20:30.29001Z,elea,0.1.1,ef66ed9,add,,add_total,29.758916,,1,None,blake3
50,18,2026-03-11T12:20:30.44899Z,elea,0.1.1,ef66ed9,hash,f.bin,hash,28.040708000000002,52428800,,,blake3
50,18,2026-03-11T12:20:30.451021Z,elea,0.1.1,ef66ed9,add,f.bin,backend_store,0.352625,52428800,,None,blake3
50,18,2026-03-11T12:20:30.451187Z,elea,0.1.1,ef66ed9,add,f.bin,add_file_total,30.274417,52428800,,None,blake3
50,18,2026-03-11T12:20:30.451238Z,elea,0.1.1,ef66ed9,add,,add_total,30.345084,,1,None,blake3
50,19,2026-03-11T12:20:30.629552Z,elea,0.1.1,ef66ed9,hash,f.bin,hash,28.579125,52428800,,,blake3
50,19,2026-03-11T12:20:30.631693Z,elea,0.1.1,ef66ed9,add,f.bin,backend_store,0.299333,52428800,,None,blake3
50,19,2026-03-11T12:20:30.631844Z,elea,0.1.1,ef66ed9,add,f.bin,add_file_total,30.9115,52428800,,None,blake3
50,19,2026-03-11T12:20:30.6319Z,elea,0.1.1,ef66ed9,add,,add_total,30.991334,,1,None,blake3
50,20,2026-03-11T12:20:30.808936Z,elea,0.1.1,ef66ed9,hash,f.bin,hash,28.851042,52428800,,,blake3
50,20,2026-03-11T12:20:30.811338Z,elea,0.1.1,ef66ed9,add,f.bin,backend_store,0.43545900000000004,52428800,,None,blake3
50,20,2026-03-11T12:20:30.811485Z,elea,0.1.1,ef66ed9,add,f.bin,add_file_total,31.447083,52428800,,None,blake3
50,20,2026-03-11T12:20:30.811551Z,elea,0.1.1,ef66ed9,add,,add_total,31.53675,,1,None,blake3
50,21,2026-03-11T12:20:30.97938Z,elea,0.1.1,ef66ed9,hash,f.bin,hash,28.891666999999998,52428800,,,blake3
50,21,2026-03-11T12:20:30.9814Z,elea,0.1.1,ef66ed9,add,f.bin,backend_store,0.334541,52428800,,None,blake3
50,21,2026-03-11T12:20:30.981574Z,elea,0.1.1,ef66ed9,add,f.bin,add_file_total,31.130542000000002,52428800,,None,blake3
50,21,2026-03-11T12:20:30.981639Z,elea,0.1.1,ef66ed9,add,,add_total,31.222292,,1,None,blake3
50,22,2026-03-11T12:20:31.14766Z,elea,0.1.1,ef66ed9,hash,f.bin,hash,28.125583,52428800,,,blake3
50,22,2026-03-11T12:20:31.14992Z,elea,0.1.1,ef66ed9,add,f.bin,backend_store,0.359209,52428800,,None,blake3
50,22,2026-03-11T12:20:31.150078Z,elea,0.1.1,ef66ed9,add,f.bin,add_file_total,30.582625,52428800,,None,blake3
50,22,2026-03-11T12:20:31.150137Z,elea,0.1.1,ef66ed9,add,,add_total,30.6665,,1,None,blake3
50,23,2026-03-11T12:20:31.317581Z,elea,0.1.1,ef66ed9,hash,f.bin,hash,28.3555,52428800,,,blake3
50,23,2026-03-11T12:20:31.319575Z,elea,0.1.1,ef66ed9,add,f.bin,backend_store,0.29154199999999997,52428800,,None,blake3
50,23,2026-03-11T12:20:31.319731Z,elea,0.1.1,ef66ed9,add,f.bin,add_file_total,30.542416,52428800,,None,blake3
50,23,2026-03-11T12:20:31.319786Z,elea,0.1.1,ef66ed9,add,,add_total,30.61825,,1,None,blake3
50,24,2026-03-11T12:20:31.476429Z,elea,0.1.1,ef66ed9,hash,f.bin,hash,27.350416999999997,52428800,,,blake3
50,24,2026-03-11T12:20:31.47848Z,elea,0.1.1,ef66ed9,add,f.bin,backend_store,0.312708,52428800,,None,blake3
50,24,2026-03-11T12:20:31.478617Z,elea,0.1.1,ef66ed9,add,f.bin,add_file_total,29.574208000000002,52428800,,None,blake3
50,24,2026-03-11T12:20:31.478672Z,elea,0.1.1,ef66ed9,add,,add_total,29.651584000000003,,1,None,blake3
50,25,2026-03-11T12:20:31.636916Z,elea,0.1.1,ef66ed9,hash,f.bin,hash,27.688292,52428800,,,blake3
50,25,2026-03-11T12:20:31.638839Z,elea,0.1.1,ef66ed9,add,f.bin,backend_store,0.259458,52428800,,None,blake3
50,25,2026-03-11T12:20:31.638978Z,elea,0.1.1,ef66ed9,add,f.bin,add_file_total,29.790582999999998,52428800,,None,blake3
50,25,2026-03-11T12:20:31.639032Z,elea,0.1.1,ef66ed9,add,,add_total,29.867417,,1,None,blake3
